{"assets/images/casta_icon.png":["assets/images/casta_icon.png"],"assets/images/clonazelcan.png":["assets/images/clonazelcan.png"],"assets/images/gatito/gatito00.png":["assets/images/gatito/gatito00.png"],"assets/images/gatito/gatito01.png":["assets/images/gatito/gatito01.png"],"assets/images/gatito/gatito02.png":["assets/images/gatito/gatito02.png"],"assets/images/gatito/gatito03.png":["assets/images/gatito/gatito03.png"],"assets/images/gatito/gatito04.png":["assets/images/gatito/gatito04.png"],"assets/images/gatito/gatito05.png":["assets/images/gatito/gatito05.png"],"assets/images/gatito/gatito06.png":["assets/images/gatito/gatito06.png"],"assets/images/gorra.png":["assets/images/gorra.png"],"assets/images/icon_establishment.png":["assets/images/icon_establishment.png"],"assets/images/titulo.png":["assets/images/titulo.png"],"packages/cupertino_icons/assets/CupertinoIcons.ttf":["packages/cupertino_icons/assets/CupertinoIcons.ttf"]}